Financial Year,Period,Line,Service Operated for Period - Weekday,Service Operated Year to Date - Weekday,Service Operated for Period - Weekend,Service Operated Year to Date - Weekend,Service Operated for Period - All Week,Service Operated Year to Date - All Week,Line_clean
2018-19,1,Bakerloo,97.5,97.5,96.0,96.0,97.1,97.1,bakerloo
2018-19,1,Central,95.9,95.9,97.0,97.0,96.2,96.2,central
2018-19,1,Circle Hammersmith & City,96.2,96.2,96.8,96.8,96.3,96.3,circle hammersmith and city
2018-19,1,District,95.7,95.7,99.1,99.1,96.6,96.6,district
2018-19,1,Jubilee,89.1,89.1,83.3,83.3,87.6,87.6,jubilee
2018-19,1,Metropolitan,93.9,93.9,97.4,97.4,94.8,94.8,metropolitan
2018-19,1,Northern,97.5,97.5,98.6,98.6,97.8,97.8,northern
2018-19,1,Piccadilly,94.6,94.6,96.5,96.5,95.1,95.1,piccadilly
2018-19,1,Victoria,99.0,99.0,98.4,98.4,98.9,98.9,victoria
2018-19,1,Network,95.8,95.8,95.9,95.9,95.8,95.8,network
2018-19,2,Bakerloo,97.0,97.3,98.7,97.3,97.4,97.3,bakerloo
2018-19,2,Central,96.2,96.1,95.4,96.2,96.0,96.1,central
2018-19,2,Circle Hammersmith & City,98.4,97.3,99.4,97.8,98.6,97.4,circle hammersmith and city
2018-19,2,District,96.7,96.2,99.5,99.2,97.4,96.9,district
2018-19,2,Jubilee,91.6,90.4,87.3,85.3,90.5,89.0,jubilee
2018-19,2,Metropolitan,95.9,94.9,99.5,98.4,96.7,95.7,metropolitan
2018-19,2,Northern,98.1,97.8,98.9,98.7,98.3,98.0,northern
2018-19,2,Piccadilly,97.0,95.8,94.2,95.3,96.2,95.7,piccadilly
2018-19,2,Victoria,98.6,98.8,96.7,97.5,98.1,98.5,victoria
2018-19,2,Network,96.6,96.2,96.2,96.0,96.5,96.2,network
2018-19,3,Bakerloo,95.9,96.8,98.1,97.6,96.5,97.0,bakerloo
2018-19,3,Central,92.8,95.0,94.6,95.7,93.3,95.2,central
2018-19,3,Circle Hammersmith & City,98.3,97.6,91.2,95.7,96.6,97.2,circle hammersmith and city
2018-19,3,District,97.0,96.5,98.8,99.1,97.4,97.1,district
2018-19,3,Jubilee,98.6,93.1,98.1,89.5,98.5,92.2,jubilee
2018-19,3,Metropolitan,94.8,94.9,98.9,98.6,95.8,95.7,metropolitan
2018-19,3,Northern,98.1,97.9,99.3,98.9,98.4,98.2,northern
2018-19,3,Piccadilly,95.7,95.8,95.2,95.3,95.6,95.7,piccadilly
2018-19,3,Victoria,95.8,97.8,95.9,97.0,95.9,97.6,victoria
2018-19,3,Network,96.4,96.3,97.1,96.4,96.6,96.3,network
2018-19,4,Bakerloo,97.3,96.9,96.7,97.4,97.2,97.0,bakerloo
2018-19,4,Central,94.8,94.9,94.0,95.2,94.6,95.0,central
2018-19,4,Circle Hammersmith & City,96.3,97.3,98.1,96.2,96.7,97.0,circle hammersmith and city
2018-19,4,District,96.7,96.5,95.0,98.1,96.3,96.9,district
2018-19,4,Jubilee,98.2,94.4,97.5,91.4,98.1,93.6,jubilee
2018-19,4,Metropolitan,94.3,94.7,99.5,98.7,94.8,95.5,metropolitan
2018-19,4,Northern,98.8,98.1,99.4,99.1,98.9,98.4,northern
2018-19,4,Piccadilly,91.4,94.7,91.1,94.3,91.3,94.6,piccadilly
2018-19,4,Victoria,98.3,97.9,97.1,97.0,98.0,97.7,victoria
2018-19,4,Network,96.6,96.4,96.5,96.4,96.6,96.4,network
2018-19,5,Bakerloo,97.6,97.1,98.3,97.5,97.8,97.2,bakerloo
2018-19,5,Central,95.6,95.1,96.1,95.4,95.7,95.2,central
2018-19,5,Circle Hammersmith & City,98.8,97.6,97.8,96.6,98.6,97.4,circle hammersmith and city
2018-19,5,District,95.9,96.4,96.6,97.8,96.1,96.7,district
2018-19,5,Jubilee,96.5,94.8,96.2,92.4,96.4,94.2,jubilee
2018-19,5,Metropolitan,94.0,94.6,99.0,98.7,94.9,95.4,metropolitan
2018-19,5,Northern,98.4,98.2,98.8,99.0,98.5,98.4,northern
2018-19,5,Piccadilly,94.7,94.7,91.6,93.7,93.9,94.4,piccadilly
2018-19,5,Victoria,98.5,98.0,94.5,96.5,97.4,97.6,victoria
2018-19,5,Network,96.9,96.5,96.4,96.4,96.8,96.5,network
2018-19,6,Bakerloo,96.9,97.0,98.0,97.6,97.1,97.2,bakerloo
2018-19,6,Central,96.5,95.3,96.6,95.6,96.5,95.4,central
2018-19,6,Circle Hammersmith & City,99.2,97.9,90.5,95.8,97.5,97.4,circle hammersmith and city
2018-19,6,District,98.3,96.7,94.0,97.1,97.2,96.8,district
2018-19,6,Jubilee,97.9,95.3,95.4,92.9,97.2,94.7,jubilee
2018-19,6,Metropolitan,96.1,94.8,98.1,98.6,96.5,95.6,metropolitan
2018-19,6,Northern,97.9,98.1,99.0,99.0,98.2,98.4,northern
2018-19,6,Piccadilly,97.2,95.1,96.6,94.2,97.0,94.9,piccadilly
2018-19,6,Victoria,97.1,97.9,98.4,96.8,97.4,97.6,victoria
2018-19,6,Network,97.4,96.6,96.9,96.5,97.3,96.6,network
2018-19,7,Bakerloo,95.9,96.9,98.8,97.8,96.6,97.1,bakerloo
2018-19,7,Central,91.9,94.8,96.5,95.7,93.1,95.0,central
2018-19,7,Circle Hammersmith & City,97.7,97.8,98.9,96.0,97.9,97.4,circle hammersmith and city
2018-19,7,District,97.2,96.8,89.1,96.0,95.3,96.6,district
2018-19,7,Jubilee,97.4,95.6,96.1,93.3,97.1,95.0,jubilee
2018-19,7,Metropolitan,95.0,94.8,97.4,98.5,95.5,95.6,metropolitan
2018-19,7,Northern,98.5,98.2,99.3,99.0,98.7,98.4,northern
2018-19,7,Piccadilly,83.9,93.5,94.7,94.3,86.7,93.7,piccadilly
2018-19,7,Victoria,97.3,97.8,96.5,96.8,97.1,97.5,victoria
2018-19,7,Network,95.2,96.4,96.6,96.5,95.5,96.4,network
2018-19,8,Bakerloo,98.2,97.0,98.2,97.8,98.2,97.2,bakerloo
2018-19,8,Central,92.2,94.5,96.7,95.9,93.4,94.8,central
2018-19,8,Circle Hammersmith & City,96.8,97.7,96.6,96.1,96.7,97.4,circle hammersmith and city
2018-19,8,District,97.2,96.8,93.0,95.7,96.3,96.6,district
2018-19,8,Jubilee,94.8,95.5,94.9,93.5,94.8,95.0,jubilee
2018-19,8,Metropolitan,93.4,94.7,94.0,97.8,93.5,95.3,metropolitan
2018-19,8,Northern,98.3,98.2,99.2,99.1,98.5,98.4,northern
2018-19,8,Piccadilly,95.5,93.8,99.4,94.9,96.6,94.1,piccadilly
2018-19,8,Victoria,96.4,97.6,98.2,96.9,96.9,97.4,victoria
2018-19,8,Network,95.9,96.3,97.2,96.6,96.2,96.4,network
2018-19,9,Bakerloo,98.8,97.2,99.0,98.0,98.9,97.4,bakerloo
2018-19,9,Central,96.7,94.7,95.5,95.8,96.4,95.0,central
2018-19,9,Circle Hammersmith & City,98.1,97.8,97.5,96.3,97.9,97.4,circle hammersmith and city
2018-19,9,District,97.5,96.9,97.1,95.9,97.4,96.7,district
2018-19,9,Jubilee,96.7,95.7,96.2,93.8,96.5,95.2,jubilee
2018-19,9,Metropolitan,93.9,94.6,97.0,97.7,94.6,95.2,metropolitan
2018-19,9,Northern,99.0,98.3,98.6,99.0,98.9,98.5,northern
2018-19,9,Piccadilly,92.8,93.6,93.3,94.7,92.9,93.9,piccadilly
2018-19,9,Victoria,97.7,97.6,98.7,97.1,98.0,97.5,victoria
2018-19,9,Network,97.0,96.4,97.2,96.7,97.1,96.5,network
2018-19,10,Bakerloo,97.3,97.2,97.2,97.9,97.3,97.4,bakerloo
2018-19,10,Central,97.7,95.0,96.0,95.8,97.2,95.2,central
2018-19,10,Circle Hammersmith & City,99.5,97.9,94.9,96.1,98.2,97.5,circle hammersmith and city
2018-19,10,District,98.1,97.0,95.9,95.9,97.5,96.7,district
2018-19,10,Jubilee,96.4,95.7,94.9,94.0,96.0,95.3,jubilee
2018-19,10,Metropolitan,97.8,94.9,97.4,97.6,97.7,95.5,metropolitan
2018-19,10,Northern,98.6,98.3,99.0,99.0,98.7,98.5,northern
2018-19,10,Piccadilly,96.8,93.9,94.7,94.7,96.2,94.2,piccadilly
2018-19,10,Victoria,98.9,97.7,99.4,97.4,99.0,97.6,victoria
2018-19,10,Network,97.8,96.6,97.0,96.7,97.6,96.6,network
2018-19,11,Bakerloo,98.1,97.3,98.7,98.0,98.3,97.5,bakerloo
2018-19,11,Central,96.4,95.1,96.8,95.9,96.5,95.3,central
2018-19,11,Circle Hammersmith & City,97.9,97.9,97.2,96.3,97.7,97.5,circle hammersmith and city
2018-19,11,District,97.9,97.1,99.3,96.2,98.3,96.9,district
2018-19,11,Jubilee,97.7,95.9,97.4,94.3,97.6,95.5,jubilee
2018-19,11,Metropolitan,96.0,95.0,98.1,97.7,96.5,95.6,metropolitan
2018-19,11,Northern,98.2,98.3,99.1,99.0,98.4,98.5,northern
2018-19,11,Piccadilly,96.2,94.1,92.2,94.5,95.1,94.2,piccadilly
2018-19,11,Victoria,98.3,97.8,99.0,97.5,98.5,97.7,victoria
2018-19,11,Network,97.6,96.6,97.7,96.8,97.6,96.7,network
2018-19,12,Bakerloo,96.8,97.3,94.3,97.6,96.1,97.4,bakerloo
2018-19,12,Central,96.9,95.3,94.6,95.8,96.3,95.4,central
2018-19,12,Circle Hammersmith & City,97.6,97.9,96.8,96.3,97.4,97.5,circle hammersmith and city
2018-19,12,District,96.4,97.0,96.3,96.2,96.4,96.8,district
2018-19,12,Jubilee,97.0,96.0,93.5,94.2,96.1,95.5,jubilee
2018-19,12,Metropolitan,95.3,95.0,97.9,97.7,95.9,95.6,metropolitan
2018-19,12,Northern,98.6,98.3,99.3,99.0,98.8,98.5,northern
2018-19,12,Piccadilly,97.1,94.4,91.8,94.3,95.7,94.4,piccadilly
2018-19,12,Victoria,97.2,97.7,96.2,97.4,96.9,97.7,victoria
2018-19,12,Network,97.2,96.7,95.9,96.7,96.9,96.7,network
2018-19,13,Bakerloo,96.6,97.2,97.3,97.6,96.8,97.3,bakerloo
2018-19,13,Central,95.6,95.3,91.4,95.4,94.4,95.3,central
2018-19,13,Circle Hammersmith & City,96.0,97.7,89.2,95.6,94.0,97.2,circle hammersmith and city
2018-19,13,District,97.0,97.0,96.2,96.2,96.8,96.8,district
2018-19,13,Jubilee,94.4,95.9,92.3,94.0,93.8,95.4,jubilee
2018-19,13,Metropolitan,95.4,95.0,96.5,97.6,95.7,95.6,metropolitan
2018-19,13,Northern,97.7,98.3,97.9,98.9,97.7,98.5,northern
2018-19,13,Piccadilly,96.4,94.6,95.5,94.4,96.1,94.5,piccadilly
2018-19,13,Victoria,97.8,97.7,95.1,97.2,97.1,97.6,victoria
2018-19,13,Network,96.6,96.7,95.0,96.6,96.1,96.7,network
2019-20,1,Bakerloo,97.3,97.3,98.6,98.6,97.6,97.6,bakerloo
2019-20,1,Central,93.8,93.8,93.5,93.5,93.7,93.7,central
2019-20,1,Circle Hammersmith & City,96.4,96.4,99.6,99.6,96.9,96.9,circle hammersmith and city
2019-20,1,District,94.4,94.4,98.2,98.2,95.2,95.2,district
2019-20,1,Jubilee,96.2,96.2,98.3,98.3,96.7,96.7,jubilee
2019-20,1,Metropolitan,97.2,97.2,99.0,99.0,97.5,97.5,metropolitan
2019-20,1,Northern,98.7,98.7,99.0,99.0,98.8,98.8,northern
2019-20,1,Piccadilly,95.2,95.2,92.0,92.0,94.4,94.4,piccadilly
2019-20,1,Victoria,97.7,97.7,95.4,95.4,97.1,97.1,victoria
2019-20,1,Network,96.7,96.7,97.0,97.0,96.7,96.7,network
2019-20,2,Bakerloo,96.1,96.7,97.9,98.3,96.5,97.1,bakerloo
2019-20,2,Central,96.7,95.3,96.1,95.0,96.6,95.2,central
2019-20,2,Circle Hammersmith & City,96.4,96.4,96.7,98.1,96.5,96.7,circle hammersmith and city
2019-20,2,District,95.1,94.8,99.6,98.8,95.9,95.6,district
2019-20,2,Jubilee,97.2,96.7,96.3,97.2,97.0,96.8,jubilee
2019-20,2,Metropolitan,94.9,96.0,97.8,98.4,95.5,96.5,metropolitan
2019-20,2,Northern,98.5,98.6,98.3,98.6,98.5,98.6,northern
2019-20,2,Piccadilly,96.5,95.9,95.6,93.9,96.3,95.3,piccadilly
2019-20,2,Victoria,96.5,97.1,95.5,95.4,96.2,96.7,victoria
2019-20,2,Network,96.6,96.6,97.0,97.0,96.7,96.7,network
2019-20,3,Bakerloo,96.8,96.8,97.7,98.1,97.1,97.1,bakerloo
2019-20,3,Central,95.3,95.3,93.7,94.5,94.9,95.1,central
2019-20,3,Circle Hammersmith & City,96.2,96.3,91.7,95.2,95.1,96.1,circle hammersmith and city
2019-20,3,District,95.5,95.0,98.4,98.7,96.0,95.7,district
2019-20,3,Jubilee,96.1,96.5,96.1,96.8,96.1,96.6,jubilee
2019-20,3,Metropolitan,94.6,95.5,96.1,97.6,94.9,96.0,metropolitan
2019-20,3,Northern,98.8,98.7,98.9,98.7,98.8,98.7,northern
2019-20,3,Piccadilly,94.5,95.4,87.6,91.7,92.6,94.4,piccadilly
2019-20,3,Victoria,96.5,96.9,95.1,95.3,96.1,96.5,victoria
2019-20,3,Network,96.4,96.6,95.4,96.4,96.2,96.5,network
2019-20,4,Bakerloo,92.6,95.7,92.2,96.4,92.5,95.9,bakerloo
2019-20,4,Central,94.4,95.0,90.8,93.5,93.4,94.7,central
2019-20,4,Circle Hammersmith & City,96.7,96.4,96.2,95.4,96.6,96.2,circle hammersmith and city
2019-20,4,District,94.7,94.9,98.3,98.6,95.6,95.7,district
2019-20,4,Jubilee,96.3,96.5,96.7,96.8,96.4,96.5,jubilee
2019-20,4,Metropolitan,93.7,95.1,93.9,96.7,93.7,95.4,metropolitan
2019-20,4,Northern,94.0,97.5,94.9,97.7,94.2,97.6,northern
2019-20,4,Piccadilly,93.1,94.8,88.9,91.0,91.9,93.8,piccadilly
2019-20,4,Victoria,96.8,96.9,96.9,95.7,96.8,96.6,victoria
2019-20,4,Network,94.8,96.1,94.4,95.9,94.7,96.1,network
2019-20,5,Bakerloo,95.6,95.7,90.2,95.1,94.3,95.5,bakerloo
2019-20,5,Central,94.9,95.0,92.1,93.2,94.2,94.6,central
2019-20,5,Circle Hammersmith & City,97.9,96.7,96.7,95.6,97.7,96.5,circle hammersmith and city
2019-20,5,District,95.7,95.1,95.7,97.8,95.7,95.7,district
2019-20,5,Jubilee,95.6,96.3,96.1,96.6,95.7,96.4,jubilee
2019-20,5,Metropolitan,92.6,94.6,94.8,96.4,93.0,95.0,metropolitan
2019-20,5,Northern,97.6,97.5,99.2,98.0,98.1,97.7,northern
2019-20,5,Piccadilly,92.9,94.4,92.5,91.3,92.8,93.6,piccadilly
2019-20,5,Victoria,97.3,97.0,96.9,96.0,97.2,96.7,victoria
2019-20,5,Network,95.8,96.1,95.4,95.8,95.7,96.0,network
2019-20,6,Bakerloo,95.4,95.6,90.7,94.3,94.2,95.3,bakerloo
2019-20,6,Central,93.6,94.8,89.9,92.6,92.6,94.2,central
2019-20,6,Circle Hammersmith & City,97.7,96.9,96.3,95.8,97.4,96.7,circle hammersmith and city
2019-20,6,District,94.9,95.1,95.3,97.4,95.0,95.6,district
2019-20,6,Jubilee,96.5,96.3,93.8,96.2,95.8,96.3,jubilee
2019-20,6,Metropolitan,75.1,91.3,69.5,92.1,74.0,91.5,metropolitan
2019-20,6,Northern,93.9,96.9,96.4,97.8,94.6,97.1,northern
2019-20,6,Piccadilly,95.0,94.5,89.1,90.9,93.4,93.6,piccadilly
2019-20,6,Victoria,96.1,96.8,94.3,95.7,95.6,96.5,victoria
2019-20,6,Network,93.6,95.6,91.9,95.1,93.1,95.5,network
2019-20,7,Bakerloo,95.4,95.6,93.1,94.1,94.8,95.2,bakerloo
2019-20,7,Central,93.9,94.6,94.3,92.9,94.0,94.2,central
2019-20,7,Circle Hammersmith & City,91.3,96.1,97.8,95.9,92.1,96.1,circle hammersmith and city
2019-20,7,District,91.3,94.5,99.1,97.6,92.9,95.2,district
2019-20,7,Jubilee,95.0,96.1,93.4,95.8,94.5,96.0,jubilee
2019-20,7,Metropolitan,68.6,88.1,50.5,85.5,64.7,87.6,metropolitan
2019-20,7,Northern,96.9,96.9,97.0,97.6,96.9,97.1,northern
2019-20,7,Piccadilly,95.3,94.7,91.0,90.9,94.1,93.7,piccadilly
2019-20,7,Victoria,95.5,96.6,95.6,95.7,95.5,96.4,victoria
2019-20,7,Network,92.6,95.2,91.7,94.6,92.4,95.1,network
2019-20,8,Bakerloo,93.2,95.3,88.6,93.4,92.1,94.8,bakerloo
2019-20,8,Central,88.0,93.8,83.7,91.7,86.9,93.3,central
2019-20,8,Circle Hammersmith & City,91.7,95.5,92.4,95.4,91.8,95.5,circle hammersmith and city
2019-20,8,District,95.6,94.6,94.6,97.4,95.4,95.2,district
2019-20,8,Jubilee,86.4,94.9,89.4,95.0,87.2,94.9,jubilee
2019-20,8,Metropolitan,75.1,86.4,77.5,84.3,75.7,86.0,metropolitan
2019-20,8,Northern,97.0,96.9,93.8,97.2,96.1,97.0,northern
2019-20,8,Piccadilly,97.5,95.0,93.1,91.2,96.3,94.0,piccadilly
2019-20,8,Victoria,96.4,96.6,91.4,95.1,95.1,96.2,victoria
2019-20,8,Network,92.1,94.8,89.7,94.0,91.5,94.6,network
2019-20,9,Bakerloo,92.4,95.0,91.7,93.2,92.2,94.5,bakerloo
2019-20,9,Central,83.6,92.7,76.9,90.0,81.8,92.0,central
2019-20,9,Circle Hammersmith & City,94.7,95.4,92.1,95.0,94.2,95.4,circle hammersmith and city
2019-20,9,District,97.1,94.9,97.5,97.4,97.2,95.4,district
2019-20,9,Jubilee,88.7,94.2,89.8,94.4,89.0,94.3,jubilee
2019-20,9,Metropolitan,78.5,85.6,76.3,83.5,78.0,85.1,metropolitan
2019-20,9,Northern,97.9,97.0,96.4,97.1,97.4,97.0,northern
2019-20,9,Piccadilly,94.3,94.9,93.9,91.5,94.2,94.0,piccadilly
2019-20,9,Victoria,94.6,96.4,92.9,94.9,94.1,96.0,victoria
2019-20,9,Network,91.9,94.5,90.6,93.6,91.5,94.3,network
2019-20,10,Bakerloo,93.3,94.8,91.5,93.0,92.8,94.4,bakerloo
2019-20,10,Central,93.2,92.7,89.7,89.9,92.2,92.0,central
2019-20,10,Circle Hammersmith & City,97.0,95.6,95.3,95.0,96.6,95.5,circle hammersmith and city
2019-20,10,District,98.2,95.2,97.8,97.4,98.1,95.7,district
2019-20,10,Jubilee,94.8,94.3,94.6,94.4,94.7,94.3,jubilee
2019-20,10,Metropolitan,77.7,84.9,79.9,83.0,78.3,84.5,metropolitan
2019-20,10,Northern,97.9,97.1,98.1,97.2,98.0,97.1,northern
2019-20,10,Piccadilly,94.3,94.9,92.6,91.6,93.8,94.0,piccadilly
2019-20,10,Victoria,95.9,96.3,92.3,94.6,94.9,95.9,victoria
2019-20,10,Network,94.3,94.5,93.0,93.6,93.9,94.2,network
2019-20,11,Bakerloo,94.3,94.8,94.9,93.2,94.5,94.4,bakerloo
2019-20,11,Central,94.3,92.9,93.5,90.3,94.1,92.2,central
2019-20,11,Circle Hammersmith & City,97.1,95.7,92.7,94.7,95.9,95.5,circle hammersmith and city
2019-20,11,District,98.1,95.5,96.7,97.4,97.8,95.9,district
2019-20,11,Jubilee,95.9,94.4,97.2,94.6,96.2,94.5,jubilee
2019-20,11,Metropolitan,90.7,85.4,63.3,81.4,85.4,84.6,metropolitan
2019-20,11,Northern,98.0,97.2,98.9,97.3,98.2,97.2,northern
2019-20,11,Piccadilly,95.2,94.9,89.5,91.4,93.7,94.0,piccadilly
2019-20,11,Victoria,97.1,96.4,97.1,94.8,97.1,96.0,victoria
2019-20,11,Network,96.0,94.6,93.6,93.6,95.4,94.3,network
2019-20,12,Bakerloo,89.2,94.3,78.1,91.9,86.4,93.7,bakerloo
2019-20,12,Central,93.9,93.0,87.6,90.0,92.2,92.2,central
2019-20,12,Circle Hammersmith & City,97.5,95.9,95.9,94.8,97.2,95.7,circle hammersmith and city
2019-20,12,District,97.2,95.6,99.9,97.5,97.5,96.0,district
2019-20,12,Jubilee,95.4,94.5,98.1,94.9,96.1,94.6,jubilee
2019-20,12,Metropolitan,92.1,86.0,93.4,82.6,92.4,85.2,metropolitan
2019-20,12,Northern,98.7,97.3,97.9,97.4,98.5,97.3,northern
2019-20,12,Piccadilly,91.9,94.6,85.5,91.0,90.4,93.7,piccadilly
2019-20,12,Victoria,96.6,96.4,96.2,95.0,96.5,96.0,victoria
2019-20,12,Network,95.2,94.7,92.9,93.5,94.7,94.4,network
2019-20,13,Bakerloo,78.5,93.0,74.9,90.4,77.5,92.3,bakerloo
2019-20,13,Central,69.8,91.0,68.1,88.1,69.4,90.2,central
2019-20,13,Circle Hammersmith & City,70.0,93.7,66.3,91.2,69.0,93.2,circle hammersmith and city
2019-20,13,District,81.7,94.4,75.0,94.9,79.9,94.5,district
2019-20,13,Jubilee,74.9,92.8,68.8,93.0,73.5,92.9,jubilee
2019-20,13,Metropolitan,74.8,85.0,48.1,79.8,69.4,83.9,metropolitan
2019-20,13,Northern,78.7,95.7,70.2,95.1,76.4,95.6,northern
2019-20,13,Piccadilly,79.0,93.3,72.7,89.4,77.3,92.3,piccadilly
2019-20,13,Victoria,70.0,94.2,67.1,92.6,69.2,93.8,victoria
2019-20,13,Network,75.7,93.1,69.0,91.4,74.0,92.7,network
2020-21,1,Bakerloo,56.9,56.9,55.7,55.7,56.6,56.6,bakerloo
2020-21,1,Central,28.7,28.7,23.2,23.2,27.3,27.3,central
2020-21,1,Circle Hammersmith & City,32.3,32.3,32.6,32.6,32.4,32.4,circle hammersmith and city
2020-21,1,District,42.5,42.5,30.1,30.1,39.3,39.3,district
2020-21,1,Jubilee,45.4,45.4,42.3,42.3,44.6,44.6,jubilee
2020-21,1,Metropolitan,44.4,44.4,35.9,35.9,42.4,42.4,metropolitan
2020-21,1,Northern,47.8,47.8,45.7,45.7,47.3,47.3,northern
2020-21,1,Piccadilly,36.7,36.7,36.0,36.0,36.5,36.5,piccadilly
2020-21,1,Victoria,38.6,38.6,37.2,37.2,38.3,38.3,victoria
2020-21,1,Network,42.0,42.0,38.4,38.4,41.1,41.1,network
2020-21,2,Bakerloo,81.2,68.2,78.0,66.1,80.4,67.7,bakerloo
2020-21,2,Central,48.1,37.7,23.9,23.5,41.9,34.1,central
2020-21,2,Circle Hammersmith & City,45.8,38.6,32.5,32.5,42.1,36.9,circle hammersmith and city
2020-21,2,District,76.0,58.1,49.6,39.3,69.1,53.2,district
2020-21,2,Jubilee,63.9,54.0,49.3,45.6,60.2,51.9,jubilee
2020-21,2,Metropolitan,68.0,55.4,47.3,41.3,62.9,52.0,metropolitan
2020-21,2,Northern,67.0,56.8,48.8,47.1,62.1,54.2,northern
2020-21,2,Piccadilly,60.1,47.6,51.2,43.1,57.8,46.4,piccadilly
2020-21,2,Victoria,48.5,43.1,39.0,37.9,46.5,41.9,victoria
2020-21,2,Network,62.2,51.3,46.7,42.2,58.2,49.0,network
2020-21,3,Bakerloo,96.4,77.2,89.8,73.1,94.8,76.1,bakerloo
2020-21,3,Central,83.8,52.4,45.7,30.6,74.0,46.8,central
2020-21,3,Circle Hammersmith & City,71.0,48.9,61.0,40.0,68.8,46.6,circle hammersmith and city
2020-21,3,District,92.8,69.1,65.7,46.6,86.7,63.5,district
2020-21,3,Jubilee,91.6,65.9,59.5,50.0,83.4,61.9,jubilee
2020-21,3,Metropolitan,80.6,63.4,66.7,49.4,77.2,60.0,metropolitan
2020-21,3,Northern,93.9,68.5,57.1,50.2,84.6,63.7,northern
2020-21,3,Piccadilly,89.0,60.7,83.8,56.1,87.6,59.5,piccadilly
2020-21,3,Victoria,97.9,60.8,43.8,40.0,84.2,55.8,victoria
2020-21,3,Network,90.1,63.7,61.5,48.2,83.0,59.7,network
2020-21,4,Bakerloo,95.9,81.7,94.7,78.4,95.6,80.9,bakerloo
2020-21,4,Central,96.0,62.9,87.0,44.2,93.7,58.1,central
2020-21,4,Circle Hammersmith & City,84.4,57.5,87.5,47.8,85.0,55.1,circle hammersmith and city
2020-21,4,District,97.8,76.0,99.4,56.6,98.1,71.4,district
2020-21,4,Jubilee,96.4,73.3,86.4,58.8,93.9,69.6,jubilee
2020-21,4,Metropolitan,82.4,68.0,76.0,55.8,80.9,65.0,metropolitan
2020-21,4,Northern,96.7,75.3,81.7,57.6,92.8,70.7,northern
2020-21,4,Piccadilly,95.3,69.0,79.2,61.3,91.3,67.0,piccadilly
2020-21,4,Victoria,94.5,69.0,71.4,48.0,88.7,63.9,victoria
2020-21,4,Network,94.1,71.0,83.4,56.4,91.5,67.3,network
2020-21,5,Bakerloo,91.3,83.5,87.8,80.3,90.4,82.7,bakerloo
2020-21,5,Central,96.3,69.4,94.7,54.0,95.9,65.4,central
2020-21,5,Circle Hammersmith & City,92.8,64.3,98.5,52.8,93.5,61.8,circle hammersmith and city
2020-21,5,District,97.1,80.1,99.9,61.9,97.5,76.1,district
2020-21,5,Jubilee,96.2,77.7,95.3,65.9,96.0,74.7,jubilee
2020-21,5,Metropolitan,86.9,71.7,87.2,61.9,87.0,69.3,metropolitan
2020-21,5,Northern,97.4,79.6,95.7,65.0,97.0,75.8,northern
2020-21,5,Piccadilly,94.6,74.0,94.7,67.8,94.6,72.4,piccadilly
2020-21,5,Victoria,96.7,74.4,92.6,57.1,95.7,70.2,victoria
2020-21,5,Network,95.0,75.7,93.7,63.3,94.6,72.6,network
2020-21,6,Bakerloo,93.6,85.2,88.5,81.6,92.3,84.3,bakerloo
2020-21,6,Central,97.2,73.9,94.1,60.5,96.4,70.5,central
2020-21,6,Circle Hammersmith & City,93.9,69.0,92.9,58.9,93.7,66.8,circle hammersmith and city
2020-21,6,District,97.4,82.9,97.7,67.9,97.5,79.5,district
2020-21,6,Jubilee,94.7,80.5,95.9,70.4,95.0,77.9,jubilee
2020-21,6,Metropolitan,89.8,74.6,84.2,64.7,88.8,72.3,metropolitan
2020-21,6,Northern,98.1,82.6,97.5,70.0,98.0,79.3,northern
2020-21,6,Piccadilly,95.2,77.4,91.4,71.7,94.2,75.9,piccadilly
2020-21,6,Victoria,96.7,78.1,87.9,62.3,94.4,74.2,victoria
2020-21,6,Network,95.6,78.9,92.8,67.9,94.9,76.2,network
2020-21,7,Bakerloo,92.4,86.2,85.6,82.2,90.6,85.2,bakerloo
2020-21,7,Central,95.9,77.0,93.2,65.1,95.2,73.9,central
2020-21,7,Circle Hammersmith & City,91.9,72.2,88.2,63.1,91.1,70.2,circle hammersmith and city
2020-21,7,District,94.0,84.4,89.8,70.7,93.2,81.4,district
2020-21,7,Jubilee,96.3,82.7,95.1,73.9,96.0,80.5,jubilee
2020-21,7,Metropolitan,89.8,76.7,88.1,68.1,89.4,74.7,metropolitan
2020-21,7,Northern,96.1,84.5,93.1,73.3,95.3,81.6,northern
2020-21,7,Piccadilly,93.5,79.7,94.2,74.8,93.7,78.4,piccadilly
2020-21,7,Victoria,96.6,80.7,93.7,66.9,95.9,77.3,victoria
2020-21,7,Network,94.6,81.1,92.0,71.3,93.9,78.7,network
2020-21,8,Bakerloo,95.0,87.3,89.1,83.1,93.5,86.2,bakerloo
2020-21,8,Central,96.6,79.4,89.9,68.1,94.9,76.5,central
2020-21,8,Circle Hammersmith & City,85.2,73.8,83.3,66.0,84.7,72.1,circle hammersmith and city
2020-21,8,District,96.7,85.9,98.7,73.6,97.1,83.3,district
2020-21,8,Jubilee,97.3,84.5,94.9,76.5,96.7,82.5,jubilee
2020-21,8,Metropolitan,92.7,78.7,86.7,70.5,91.3,76.7,metropolitan
2020-21,8,Northern,97.9,86.1,91.7,75.5,96.3,83.4,northern
2020-21,8,Piccadilly,93.4,81.3,88.6,76.4,92.2,80.1,piccadilly
2020-21,8,Victoria,92.9,82.2,85.3,69.2,91.0,79.0,victoria
2020-21,8,Network,94.9,82.8,89.9,73.6,93.7,80.5,network
2020-21,9,Bakerloo,93.5,87.9,88.7,83.7,92.3,86.9,bakerloo
2020-21,9,Central,97.4,81.4,93.1,70.8,96.3,78.7,central
2020-21,9,Circle Hammersmith & City,87.1,75.3,93.3,68.7,88.4,73.8,circle hammersmith and city
2020-21,9,District,92.0,86.6,90.3,75.5,91.7,84.2,district
2020-21,9,Jubilee,97.6,85.9,96.5,78.7,97.3,84.1,jubilee
2020-21,9,Metropolitan,92.4,80.2,87.8,72.4,91.3,78.3,metropolitan
2020-21,9,Northern,98.3,87.5,89.3,76.5,96.6,84.7,northern
2020-21,9,Piccadilly,93.3,82.6,90.2,77.9,92.5,81.4,piccadilly
2020-21,9,Victoria,94.1,83.5,86.2,71.1,92.1,80.4,victoria
2020-21,9,Network,94.8,84.1,90.5,75.3,93.8,81.9,network
2020-21,10,Bakerloo,86.7,87.8,81.6,83.5,85.4,86.7,bakerloo
2020-21,10,Central,94.6,82.5,92.5,72.6,94.1,80.0,central
2020-21,10,Circle Hammersmith & City,84.6,76.1,91.3,71.0,86.2,75.0,circle hammersmith and city
2020-21,10,District,91.3,87.0,92.5,76.8,91.6,84.8,district
2020-21,10,Jubilee,94.1,86.6,90.4,79.7,93.2,84.9,jubilee
2020-21,10,Metropolitan,86.6,80.7,86.2,73.7,86.5,79.1,metropolitan
2020-21,10,Northern,97.8,88.4,97.2,78.4,97.6,85.9,northern
2020-21,10,Piccadilly,84.0,82.7,73.6,77.6,81.4,81.4,piccadilly
2020-21,10,Victoria,88.9,84.0,87.2,72.4,88.5,81.1,victoria
2020-21,10,Network,91.0,84.7,88.9,76.5,90.5,82.7,network
2020-21,11,Bakerloo,89.2,88.0,83.6,83.5,88.0,86.8,bakerloo
2020-21,11,Central,91.2,83.3,80.4,73.3,88.5,80.8,central
2020-21,11,Circle Hammersmith & City,78.3,76.3,68.8,70.8,76.2,75.1,circle hammersmith and city
2020-21,11,District,87.0,87.0,92.4,78.1,88.0,85.1,district
2020-21,11,Jubilee,89.5,86.9,88.9,80.4,89.4,85.3,jubilee
2020-21,11,Metropolitan,90.5,81.6,81.2,74.1,89.0,79.9,metropolitan
2020-21,11,Northern,95.8,89.1,92.5,79.7,94.9,86.7,northern
2020-21,11,Piccadilly,88.7,83.3,76.4,77.5,85.7,81.8,piccadilly
2020-21,11,Victoria,90.3,84.5,65.7,71.8,84.1,81.4,victoria
2020-21,11,Network,90.1,85.2,81.8,77.0,88.2,83.2,network
2020-21,12,Bakerloo,76.4,87.0,67.2,82.1,74.0,85.8,bakerloo
2020-21,12,Central,91.1,84.0,76.8,73.6,87.9,81.3,central
2020-21,12,Circle Hammersmith & City,73.0,76.0,37.6,67.8,64.5,74.2,circle hammersmith and city
2020-21,12,District,87.4,87.0,89.3,79.1,87.8,85.3,district
2020-21,12,Jubilee,89.2,87.1,84.1,80.7,87.9,85.5,jubilee
2020-21,12,Metropolitan,81.7,81.6,55.2,72.6,75.9,79.6,metropolitan
2020-21,12,Northern,94.0,89.5,92.3,80.8,93.5,87.3,northern
2020-21,12,Piccadilly,86.4,83.5,87.0,78.2,86.5,82.2,piccadilly
2020-21,12,Victoria,92.0,85.2,58.0,70.6,83.4,81.6,victoria
2020-21,12,Network,87.5,85.4,75.2,76.8,84.5,83.3,network
2020-21,13,Bakerloo,86.6,87.0,62.1,81.0,81.3,85.5,bakerloo
2020-21,13,Central,91.1,84.5,72.2,73.5,86.4,81.7,central
2020-21,13,Circle Hammersmith & City,73.0,75.8,25.2,65.7,64.9,73.6,circle hammersmith and city
2020-21,13,District,92.2,87.4,92.9,80.0,92.3,85.8,district
2020-21,13,Jubilee,87.7,87.1,79.4,80.6,85.7,85.5,jubilee
2020-21,13,Metropolitan,84.4,81.8,44.0,70.6,74.9,79.2,metropolitan
2020-21,13,Northern,93.7,89.8,88.8,81.4,92.4,87.6,northern
2020-21,13,Piccadilly,84.8,83.6,83.3,78.5,84.4,82.3,piccadilly
2020-21,13,Victoria,79.6,84.8,55.9,69.6,73.8,81.0,victoria
2020-21,13,Network,87.0,85.5,72.0,76.5,83.4,83.3,network
2021-22,1,Bakerloo,91.6,91.6,84.8,84.8,89.9,89.9,bakerloo
2021-22,1,Central,93.4,93.4,80.3,80.3,90.3,90.3,central
2021-22,1,Circle Hammersmith & City,78.6,78.6,48.2,48.2,70.7,70.7,circle hammersmith and city
2021-22,1,District,96.2,96.2,94.5,94.5,95.8,95.8,district
2021-22,1,Jubilee,93.8,93.8,87.5,87.5,92.2,92.2,jubilee
2021-22,1,Metropolitan,89.2,89.2,76.3,76.3,86.5,86.5,metropolitan
2021-22,1,Northern,97.1,97.1,94.7,94.7,96.5,96.5,northern
2021-22,1,Piccadilly,89.8,89.8,87.8,87.8,89.3,89.3,piccadilly
2021-22,1,Victoria,92.4,92.4,56.7,56.7,83.1,83.1,victoria
2021-22,1,Network,92.4,92.4,80.0,80.0,89.4,89.4,network
2021-22,2,Bakerloo,93.3,92.4,88.7,86.5,92.1,90.9,bakerloo
2021-22,2,Central,90.7,92.1,82.9,81.6,88.8,89.6,central
2021-22,2,Circle Hammersmith & City,83.5,80.9,79.0,61.7,82.4,76.1,circle hammersmith and city
2021-22,2,District,97.4,96.8,83.8,89.8,94.8,95.3,district
2021-22,2,Jubilee,92.4,93.1,89.8,88.6,91.8,92.0,jubilee
2021-22,2,Metropolitan,90.1,89.6,73.3,74.8,86.5,86.5,metropolitan
2021-22,2,Northern,97.0,97.0,92.3,93.6,96.0,96.3,northern
2021-22,2,Piccadilly,92.3,91.0,89.4,88.5,91.7,90.4,piccadilly
2021-22,2,Victoria,93.9,93.1,69.6,62.6,87.9,85.4,victoria
2021-22,2,Network,93.1,92.7,83.6,81.7,90.9,90.1,network
2021-22,3,Bakerloo,97.8,94.1,91.9,88.3,96.2,92.6,bakerloo
2021-22,3,Central,93.0,92.4,84.4,82.6,90.8,90.0,central
2021-22,3,Circle Hammersmith & City,74.5,78.9,58.2,60.9,71.6,74.7,circle hammersmith and city
2021-22,3,District,92.7,95.5,98.4,91.7,93.5,94.8,district
2021-22,3,Jubilee,92.0,92.8,86.4,87.8,90.5,91.5,jubilee
2021-22,3,Metropolitan,87.9,89.1,67.3,72.0,82.8,85.3,metropolitan
2021-22,3,Northern,96.0,96.7,93.2,93.4,95.4,96.0,northern
2021-22,3,Piccadilly,90.3,90.8,84.9,87.2,88.9,89.9,piccadilly
2021-22,3,Victoria,96.8,94.3,86.9,70.5,94.3,88.3,victoria
2021-22,3,Network,92.4,92.6,85.5,82.9,90.7,90.3,network
2021-22,4,Bakerloo,94.9,94.3,90.4,88.8,93.7,92.8,bakerloo
2021-22,4,Central,90.3,91.9,79.1,81.7,87.4,89.3,central
2021-22,4,Circle Hammersmith & City,71.4,77.0,57.6,60.0,67.9,73.0,circle hammersmith and city
2021-22,4,District,80.5,91.8,89.9,91.2,82.4,91.7,district
2021-22,4,Jubilee,88.7,91.8,89.0,88.1,88.8,90.9,jubilee
2021-22,4,Metropolitan,80.4,86.9,55.4,68.5,75.6,83.0,metropolitan
2021-22,4,Northern,94.2,96.1,92.2,93.1,93.7,95.4,northern
2021-22,4,Piccadilly,89.0,90.3,78.9,85.1,86.4,89.0,piccadilly
2021-22,4,Victoria,92.3,93.8,83.8,73.7,90.2,88.7,victoria
2021-22,4,Network,88.6,91.6,82.2,82.7,87.1,89.5,network
2021-22,5,Bakerloo,92.1,93.9,85.9,88.2,90.4,92.4,bakerloo
2021-22,5,Central,90.4,91.6,78.6,81.1,87.4,89.0,central
2021-22,5,Circle Hammersmith & City,83.9,78.3,43.4,56.3,72.8,73.0,circle hammersmith and city
2021-22,5,District,91.1,91.7,79.7,89.6,88.9,91.3,district
2021-22,5,Jubilee,93.0,92.0,84.5,87.4,90.8,90.9,jubilee
2021-22,5,Metropolitan,62.3,82.2,52.4,64.9,59.9,78.3,metropolitan
2021-22,5,Northern,94.7,95.8,93.9,93.3,94.5,95.2,northern
2021-22,5,Piccadilly,86.8,89.6,75.7,83.1,84.0,88.0,piccadilly
2021-22,5,Victoria,79.4,91.1,63.9,71.8,75.4,86.2,victoria
2021-22,5,Network,87.0,90.7,75.2,81.3,84.1,88.5,network
2021-22,6,Bakerloo,92.6,93.6,84.8,87.6,90.5,92.1,bakerloo
2021-22,6,Central,90.1,91.3,67.6,78.8,84.3,88.2,central
2021-22,6,Circle Hammersmith & City,86.7,79.7,63.9,57.7,80.7,74.3,circle hammersmith and city
2021-22,6,District,90.5,91.5,92.2,90.1,90.9,91.2,district
2021-22,6,Jubilee,93.8,92.3,89.1,87.6,92.7,91.2,jubilee
2021-22,6,Metropolitan,84.2,82.5,76.0,66.5,82.6,79.0,metropolitan
2021-22,6,Northern,95.4,95.7,94.0,93.4,95.1,95.2,northern
2021-22,6,Piccadilly,84.2,88.8,83.1,83.1,84.0,87.4,piccadilly
2021-22,6,Victoria,86.2,90.3,72.5,71.9,82.8,85.6,victoria
2021-22,6,Network,90.0,90.6,80.8,81.2,87.9,88.4,network
2021-22,7,Bakerloo,93.4,93.6,88.0,87.7,91.9,92.0,bakerloo
2021-22,7,Central,91.3,91.3,83.1,79.3,89.8,88.4,central
2021-22,7,Circle Hammersmith & City,89.5,81.1,83.7,61.7,88.0,76.3,circle hammersmith and city
2021-22,7,District,92.6,91.6,90.9,90.3,92.2,91.4,district
2021-22,7,Jubilee,90.2,92.0,85.9,87.4,89.1,90.9,jubilee
2021-22,7,Metropolitan,86.4,83.1,85.4,69.3,86.1,80.0,metropolitan
2021-22,7,Northern,92.7,95.3,87.2,92.3,91.3,94.6,northern
2021-22,7,Piccadilly,86.6,88.5,86.0,83.5,86.4,87.3,piccadilly
2021-22,7,Victoria,92.7,90.6,76.8,72.6,88.7,86.0,victoria
2021-22,7,Network,91.0,90.7,85.1,81.8,89.6,88.6,network
2021-22,8,Bakerloo,92.1,93.4,76.2,86.3,87.9,91.5,bakerloo
2021-22,8,Central,94.9,91.8,86.9,80.3,92.8,89.0,central
2021-22,8,Circle Hammersmith & City,91.7,82.4,82.1,64.3,89.3,77.9,circle hammersmith and city
2021-22,8,District,94.7,92.0,94.4,90.9,94.7,91.8,district
2021-22,8,Jubilee,93.2,92.2,90.8,87.8,92.6,91.1,jubilee
2021-22,8,Metropolitan,78.3,82.5,79.9,70.7,78.7,79.9,metropolitan
2021-22,8,Northern,93.6,95.1,90.5,92.1,92.8,94.4,northern
2021-22,8,Piccadilly,89.4,88.6,87.7,84.0,89.0,87.5,piccadilly
2021-22,8,Victoria,88.7,90.4,72.7,72.6,84.7,85.9,victoria
2021-22,8,Network,91.2,90.7,85.0,82.2,89.7,88.7,network
2021-22,9,Bakerloo,92.4,93.3,79.8,85.6,89.0,91.3,bakerloo
2021-22,9,Central,91.1,91.7,83.3,80.6,89.1,89.0,central
2021-22,9,Circle Hammersmith & City,90.3,83.3,77.3,66.0,86.7,78.9,circle hammersmith and city
2021-22,9,District,94.0,92.3,92.2,91.1,93.5,92.0,district
2021-22,9,Jubilee,89.8,91.9,84.6,87.5,88.4,90.8,jubilee
2021-22,9,Metropolitan,86.0,82.9,83.6,72.1,85.5,80.5,metropolitan
2021-22,9,Northern,90.8,94.6,87.0,91.4,89.8,93.9,northern
2021-22,9,Piccadilly,86.4,88.3,85.7,84.2,86.2,87.3,piccadilly
2021-22,9,Victoria,90.1,90.3,81.3,73.6,87.9,86.1,victoria
2021-22,9,Network,90.2,90.7,84.3,82.4,88.7,88.7,network
2021-22,10,Bakerloo,84.5,92.5,84.4,85.5,84.5,90.6,bakerloo
2021-22,10,Central,88.1,91.4,83.3,80.8,87.3,88.8,central
2021-22,10,Circle Hammersmith & City,82.2,83.2,79.3,67.1,81.5,79.2,circle hammersmith and city
2021-22,10,District,91.5,92.2,89.7,91.0,91.2,91.9,district
2021-22,10,Jubilee,88.3,91.6,77.8,86.8,86.3,90.4,jubilee
2021-22,10,Metropolitan,88.7,83.4,75.2,72.3,86.0,81.0,metropolitan
2021-22,10,Northern,90.1,94.2,83.9,90.8,88.9,93.4,northern
2021-22,10,Piccadilly,81.7,87.8,80.7,84.0,81.5,86.9,piccadilly
2021-22,10,Victoria,81.6,89.5,82.2,74.1,81.7,85.7,victoria
2021-22,10,Network,85.6,90.2,82.1,82.4,84.9,88.4,network
2021-22,11,Bakerloo,95.5,92.7,90.0,85.9,94.0,90.9,bakerloo
2021-22,11,Central,92.9,91.5,88.5,81.5,91.8,89.1,central
2021-22,11,Circle Hammersmith & City,95.8,84.3,88.0,69.2,93.8,80.5,circle hammersmith and city
2021-22,11,District,95.4,92.5,95.3,91.4,95.4,92.3,district
2021-22,11,Jubilee,92.2,91.6,88.5,87.0,91.3,90.5,jubilee
2021-22,11,Metropolitan,88.2,83.8,79.9,73.0,86.4,81.5,metropolitan
2021-22,11,Northern,91.3,93.9,92.4,91.0,91.6,93.2,northern
2021-22,11,Piccadilly,89.2,87.9,79.3,83.6,87.1,86.9,piccadilly
2021-22,11,Victoria,90.5,89.6,86.1,75.2,89.4,86.0,victoria
2021-22,11,Network,92.1,90.4,88.0,82.9,91.1,88.6,network
2021-22,12,Bakerloo,90.1,92.5,87.1,86.0,89.2,90.8,bakerloo
2021-22,12,Central,91.8,91.5,88.1,82.0,90.9,89.2,central
2021-22,12,Circle Hammersmith & City,87.2,84.5,81.5,70.1,85.8,80.9,circle hammersmith and city
2021-22,12,District,91.1,92.4,94.4,91.7,92.0,92.2,district
2021-22,12,Jubilee,87.7,91.3,86.4,86.9,87.4,90.2,jubilee
2021-22,12,Metropolitan,85.1,83.9,80.7,73.5,84.3,81.7,metropolitan
2021-22,12,Northern,90.9,93.7,95.0,91.4,92.1,93.2,northern
2021-22,12,Piccadilly,86.0,87.7,84.4,83.7,85.5,86.8,piccadilly
2021-22,12,Victoria,79.3,88.8,72.8,75.0,77.5,85.4,victoria
2021-22,12,Network,87.8,90.2,86.4,83.2,87.5,88.5,network
2021-22,13,Bakerloo,93.7,92.6,86.1,86.0,91.8,90.9,bakerloo
2021-22,13,Central,91.1,91.5,85.0,82.1,89.8,89.3,central
2021-22,13,Circle Hammersmith & City,93.1,85.2,83.9,71.0,90.9,81.6,circle hammersmith and city
2021-22,13,District,91.0,92.3,90.4,91.6,90.9,92.1,district
2021-22,13,Jubilee,89.2,91.2,88.2,87.0,88.9,90.2,jubilee
2021-22,13,Metropolitan,87.2,84.2,81.6,74.1,86.0,82.0,metropolitan
2021-22,13,Northern,94.0,93.7,91.9,91.4,93.5,93.2,northern
2021-22,13,Piccadilly,87.7,87.7,78.3,83.3,85.6,86.7,piccadilly
2021-22,13,Victoria,77.5,88.0,71.5,74.8,76.1,84.7,victoria
2021-22,13,Network,89.4,90.1,84.3,83.3,88.3,88.5,network
2022-23,1,Bakerloo,95.4,95.4,88.5,88.5,93.5,93.5,bakerloo
2022-23,1,Central,87.6,87.6,82.0,82.0,86.2,86.2,central
2022-23,1,Circle Hammersmith & City,89.4,89.4,80.2,80.2,86.9,86.9,circle hammersmith and city
2022-23,1,District,91.3,91.3,80.4,80.4,88.4,88.4,district
2022-23,1,Jubilee,91.6,91.6,87.9,87.9,90.6,90.6,jubilee
2022-23,1,Metropolitan,64.0,64.0,77.7,77.7,67.6,67.6,metropolitan
2022-23,1,Northern,95.7,95.7,93.7,93.7,95.2,95.2,northern
2022-23,1,Piccadilly,91.4,91.4,89.6,89.6,90.9,90.9,piccadilly
2022-23,1,Victoria,85.7,85.7,80.3,80.3,84.3,84.3,victoria
2022-23,1,Network,89.0,89.0,85.3,85.3,88.1,88.1,network
2022-23,2,Bakerloo,90.1,92.8,86.5,87.6,89.2,91.4,bakerloo
2022-23,2,Central,91.9,89.7,84.9,83.4,90.2,88.1,central
2022-23,2,Circle Hammersmith & City,95.0,92.2,92.1,85.2,94.4,90.5,circle hammersmith and city
2022-23,2,District,93.6,92.5,98.5,88.4,94.7,91.5,district
2022-23,2,Jubilee,92.9,92.2,90.9,89.4,92.4,91.5,jubilee
2022-23,2,Metropolitan,86.4,75.1,89.3,83.2,87.1,77.1,metropolitan
2022-23,2,Northern,97.5,96.6,97.6,95.6,97.5,96.3,northern
2022-23,2,Piccadilly,94.1,92.6,92.6,91.0,93.7,92.2,piccadilly
2022-23,2,Victoria,91.8,88.7,87.6,83.8,90.8,87.5,victoria
2022-23,2,Network,93.1,91.0,91.2,88.1,92.7,90.3,network
2022-23,3,Bakerloo,90.4,92.1,87.1,87.4,89.5,90.8,bakerloo
2022-23,3,Central,90.6,89.9,86.2,84.3,89.4,88.5,central
2022-23,3,Circle Hammersmith & City,82.7,89.5,84.5,85.0,83.2,88.4,circle hammersmith and city
2022-23,3,District,84.4,90.1,90.0,88.9,85.9,89.8,district
2022-23,3,Jubilee,91.4,92.0,93.2,90.6,91.9,91.6,jubilee
2022-23,3,Metropolitan,89.5,79.4,84.3,83.5,88.1,80.5,metropolitan
2022-23,3,Northern,97.6,96.9,97.9,96.4,97.7,96.8,northern
2022-23,3,Piccadilly,92.1,92.5,89.3,90.4,91.3,91.9,piccadilly
2022-23,3,Victoria,92.8,89.9,85.9,84.5,90.9,88.5,victoria
2022-23,3,Network,91.7,91.2,90.0,88.7,91.2,90.6,network
2022-23,4,Bakerloo,91.1,91.9,87.2,87.4,90.0,90.6,bakerloo
2022-23,4,Central,81.7,87.8,72.4,81.3,79.4,86.2,central
2022-23,4,Circle Hammersmith & City,87.0,88.9,84.5,84.9,86.4,87.9,circle hammersmith and city
2022-23,4,District,82.5,88.1,89.6,89.1,84.1,88.3,district
2022-23,4,Jubilee,83.6,89.8,92.6,91.0,85.6,90.1,jubilee
2022-23,4,Metropolitan,82.2,80.1,80.8,83.0,81.9,80.8,metropolitan
2022-23,4,Northern,96.5,96.8,96.1,96.3,96.4,96.7,northern
2022-23,4,Piccadilly,83.8,90.2,85.4,89.2,84.2,89.9,piccadilly
2022-23,4,Victoria,93.1,90.7,91.3,86.3,92.6,89.6,victoria
2022-23,4,Network,88.2,90.4,88.1,88.6,88.2,90.0,network
2022-23,5,Bakerloo,94.1,92.3,86.4,87.2,92.3,90.9,bakerloo
2022-23,5,Central,87.5,87.7,75.3,80.1,84.5,85.8,central
2022-23,5,Circle Hammersmith & City,82.1,87.6,76.9,83.6,81.0,86.6,circle hammersmith and city
2022-23,5,District,86.7,87.8,82.5,87.9,85.7,87.9,district
2022-23,5,Jubilee,82.7,88.4,84.5,89.8,83.2,88.8,jubilee
2022-23,5,Metropolitan,89.2,81.9,87.5,83.8,88.9,82.4,metropolitan
2022-23,5,Northern,97.0,96.8,95.7,96.2,96.6,96.7,northern
2022-23,5,Piccadilly,84.9,89.1,81.6,87.7,84.0,88.7,piccadilly
2022-23,5,Victoria,89.2,90.4,82.8,85.6,87.7,89.2,victoria
2022-23,5,Network,89.3,90.2,85.1,87.9,88.3,89.6,network
2022-23,6,Bakerloo,93.1,92.4,87.9,87.3,91.7,91.1,bakerloo
2022-23,6,Central,90.3,88.2,89.8,81.9,90.2,86.6,central
2022-23,6,Circle Hammersmith & City,90.7,88.2,80.9,83.0,88.0,86.9,circle hammersmith and city
2022-23,6,District,92.4,88.6,91.3,88.5,92.1,88.6,district
2022-23,6,Jubilee,84.2,87.7,83.3,88.7,83.9,88.0,jubilee
2022-23,6,Metropolitan,88.5,83.0,86.2,84.2,88.0,83.3,metropolitan
2022-23,6,Northern,97.8,97.0,96.9,96.3,97.6,96.8,northern
2022-23,6,Piccadilly,87.1,88.7,83.5,87.1,86.2,88.3,piccadilly
2022-23,6,Victoria,90.3,90.4,85.4,85.6,89.1,89.2,victoria
2022-23,6,Network,91.1,90.4,88.4,88.0,90.4,89.8,network
2022-23,7,Bakerloo,89.9,92.0,85.1,87.1,88.9,90.8,bakerloo
2022-23,7,Central,91.3,88.7,89.8,83.1,90.9,87.3,central
2022-23,7,Circle Hammersmith & City,91.6,88.7,86.6,83.4,90.6,87.4,circle hammersmith and city
2022-23,7,District,96.1,89.7,93.6,89.2,95.6,89.6,district
2022-23,7,Jubilee,86.1,87.5,84.6,88.1,85.7,87.6,jubilee
2022-23,7,Metropolitan,89.8,84.0,88.0,84.8,89.4,84.2,metropolitan
2022-23,7,Northern,97.2,97.0,94.9,96.1,96.6,96.8,northern
2022-23,7,Piccadilly,89.2,88.8,89.5,87.4,89.3,88.4,piccadilly
2022-23,7,Victoria,94.7,91.1,91.4,86.5,93.8,89.9,victoria
2022-23,7,Network,92.5,90.7,90.1,88.3,91.9,90.1,network
2022-23,8,Bakerloo,89.2,91.7,82.6,86.6,87.5,90.4,bakerloo
2022-23,8,Central,89.4,88.8,83.2,83.2,87.7,87.3,central
2022-23,8,Circle Hammersmith & City,90.9,89.0,89.6,84.2,90.6,87.8,circle hammersmith and city
2022-23,8,District,93.0,90.1,95.4,90.0,93.6,90.1,district
2022-23,8,Jubilee,84.6,87.1,82.8,87.4,84.1,87.2,jubilee
2022-23,8,Metropolitan,89.7,84.7,87.7,85.1,89.2,84.8,metropolitan
2022-23,8,Northern,97.8,97.1,97.5,96.3,97.7,96.9,northern
2022-23,8,Piccadilly,89.0,88.8,83.9,86.9,87.6,88.3,piccadilly
2022-23,8,Victoria,92.1,91.2,90.1,87.0,91.6,90.1,victoria
2022-23,8,Network,91.4,90.8,88.9,88.4,90.8,90.2,network
2022-23,9,Bakerloo,91.8,91.7,85.6,86.4,90.1,90.3,bakerloo
2022-23,9,Central,86.3,88.5,81.7,83.0,85.1,87.1,central
2022-23,9,Circle Hammersmith & City,92.2,89.3,79.1,83.5,88.5,87.9,circle hammersmith and city
2022-23,9,District,94.6,90.7,91.7,90.2,93.9,90.5,district
2022-23,9,Jubilee,82.4,86.6,82.8,86.9,82.5,86.6,jubilee
2022-23,9,Metropolitan,89.7,85.3,86.9,85.3,89.0,85.3,metropolitan
2022-23,9,Northern,97.7,97.2,95.6,96.2,97.1,96.9,northern
2022-23,9,Piccadilly,89.1,88.9,87.1,87.0,88.6,88.4,piccadilly
2022-23,9,Victoria,92.3,91.3,79.2,86.1,88.9,90.0,victoria
2022-23,9,Network,91.3,90.8,86.4,88.1,90.0,90.2,network
2022-23,10,Bakerloo,86.4,91.4,88.5,86.6,86.9,90.1,bakerloo
2022-23,10,Central,75.7,87.2,68.0,81.7,73.9,85.8,central
2022-23,10,Circle Hammersmith & City,86.7,89.2,72.8,82.6,82.8,87.5,circle hammersmith and city
2022-23,10,District,93.0,90.8,80.8,89.5,90.2,90.5,district
2022-23,10,Jubilee,83.1,86.2,82.1,86.4,82.8,86.3,jubilee
2022-23,10,Metropolitan,87.2,85.4,78.2,84.7,85.2,85.3,metropolitan
2022-23,10,Northern,94.5,96.9,93.9,96.0,94.4,96.7,northern
2022-23,10,Piccadilly,84.9,88.5,83.3,86.6,84.5,88.0,piccadilly
2022-23,10,Victoria,86.5,90.8,82.6,85.8,85.6,89.5,victoria
2022-23,10,Network,87.1,90.5,82.6,87.7,86.0,89.8,network
2022-23,11,Bakerloo,91.0,91.3,86.9,86.6,89.9,90.1,bakerloo
2022-23,11,Central,89.5,87.4,90.2,82.5,89.7,86.1,central
2022-23,11,Circle Hammersmith & City,93.3,89.6,85.9,83.0,91.4,87.9,circle hammersmith and city
2022-23,11,District,92.2,91.0,91.6,89.7,92.1,90.7,district
2022-23,11,Jubilee,84.6,86.1,88.0,86.6,85.4,86.2,jubilee
2022-23,11,Metropolitan,89.4,85.8,82.8,84.6,88.3,85.5,metropolitan
2022-23,11,Northern,97.6,97.0,97.8,96.2,97.7,96.8,northern
2022-23,11,Piccadilly,86.8,88.3,81.1,86.1,85.2,87.7,piccadilly
2022-23,11,Victoria,96.0,91.3,97.8,86.9,96.5,90.2,victoria
2022-23,11,Network,91.9,90.6,90.9,88.0,91.7,90.0,network
2022-23,12,Bakerloo,95.1,91.7,91.0,87.0,94.1,90.4,bakerloo
2022-23,12,Central,89.9,87.6,87.9,83.0,89.4,86.4,central
2022-23,12,Circle Hammersmith & City,93.2,89.9,90.7,83.8,92.5,88.4,circle hammersmith and city
2022-23,12,District,96.8,91.5,95.6,90.2,96.5,91.2,district
2022-23,12,Jubilee,77.5,85.3,84.3,86.4,79.1,85.6,jubilee
2022-23,12,Metropolitan,91.5,86.3,88.4,84.9,90.8,86.0,metropolitan
2022-23,12,Northern,97.6,97.0,97.2,96.3,97.5,96.8,northern
2022-23,12,Piccadilly,85.7,88.1,81.0,85.6,84.5,87.4,piccadilly
2022-23,12,Victoria,96.2,91.7,94.7,87.6,95.8,90.7,victoria
2022-23,12,Network,91.9,90.7,90.9,88.2,91.7,90.1,network
2022-23,13,Bakerloo,90.2,91.5,78.3,86.3,87.1,90.2,bakerloo
2022-23,13,Central,91.0,87.9,90.7,83.4,90.9,86.7,central
2022-23,13,Circle Hammersmith & City,94.3,90.2,95.4,84.5,94.6,88.8,circle hammersmith and city
2022-23,13,District,95.8,91.8,90.8,90.3,94.6,91.4,district
2022-23,13,Jubilee,74.5,84.5,77.9,85.8,75.4,84.9,jubilee
2022-23,13,Metropolitan,91.3,86.7,81.8,84.7,89.1,86.2,metropolitan
2022-23,13,Northern,96.0,97.0,96.5,96.3,96.2,96.8,northern
2022-23,13,Piccadilly,87.1,88.0,85.3,85.6,86.7,87.4,piccadilly
2022-23,13,Victoria,94.4,91.9,93.2,88.0,94.1,90.9,victoria
2022-23,13,Network,90.9,90.7,88.5,88.3,90.3,90.1,network
2023-24,1,Bakerloo,90.4,90.4,86.1,86.1,89.3,89.3,bakerloo
2023-24,1,Central,91.0,91.0,82.3,82.3,88.6,88.6,central
2023-24,1,Circle Hammersmith & City,94.2,94.2,87.8,87.8,92.3,92.3,circle hammersmith and city
2023-24,1,District,95.1,95.1,95.6,95.6,95.2,95.2,district
2023-24,1,Jubilee,84.0,84.0,86.8,86.8,84.8,84.8,jubilee
2023-24,1,Metropolitan,90.4,90.4,81.4,81.4,88.2,88.2,metropolitan
2023-24,1,Northern,98.3,98.3,96.7,96.7,97.8,97.8,northern
2023-24,1,Piccadilly,85.4,85.4,85.3,85.3,85.4,85.4,piccadilly
2023-24,1,Victoria,95.1,95.1,89.5,89.5,93.4,93.4,victoria
2023-24,1,Network,92.3,92.3,89.1,89.1,91.4,91.4,network
2023-24,2,Bakerloo,92.9,91.7,89.2,87.7,91.9,90.6,bakerloo
2023-24,2,Central,92.2,91.6,93.3,86.9,92.5,90.4,central
2023-24,2,Circle Hammersmith & City,89.3,91.9,87.7,87.7,88.9,90.7,circle hammersmith and city
2023-24,2,District,92.0,93.5,96.8,96.2,93.2,94.3,district
2023-24,2,Jubilee,85.2,84.6,87.6,87.2,85.9,85.3,jubilee
2023-24,2,Metropolitan,90.6,90.5,82.1,81.8,88.5,88.4,metropolitan
2023-24,2,Northern,96.5,97.4,93.6,95.2,95.7,96.8,northern
2023-24,2,Piccadilly,91.3,88.2,91.6,88.2,91.4,88.2,piccadilly
2023-24,2,Victoria,96.8,95.9,95.2,92.1,96.4,94.9,victoria
2023-24,2,Network,92.7,92.5,91.5,90.2,92.4,91.9,network
2023-24,3,Bakerloo,89.6,91.0,87.0,87.5,88.9,90.1,bakerloo
2023-24,3,Central,91.5,91.6,90.1,88.0,91.1,90.7,central
2023-24,3,Circle Hammersmith & City,95.4,93.0,89.8,88.4,93.9,91.7,circle hammersmith and city
2023-24,3,District,94.9,94.0,92.8,95.1,94.4,94.3,district
2023-24,3,Jubilee,89.8,86.3,82.3,85.6,87.7,86.1,jubilee
2023-24,3,Metropolitan,85.9,88.9,83.2,82.3,85.2,87.3,metropolitan
2023-24,3,Northern,96.4,97.1,94.0,94.8,95.7,96.4,northern
2023-24,3,Piccadilly,86.6,87.7,84.7,87.2,86.1,87.5,piccadilly
2023-24,3,Victoria,96.2,96.0,95.6,93.2,96.0,95.3,victoria
2023-24,3,Network,92.6,92.5,89.6,90.0,91.8,91.9,network
2023-24,4,Bakerloo,92.1,91.3,90.8,88.3,91.8,90.5,bakerloo
2023-24,4,Central,94.1,92.2,90.7,88.7,93.2,91.3,central
2023-24,4,Circle Hammersmith & City,93.7,93.2,87.9,88.3,92.2,91.8,circle hammersmith and city
2023-24,4,District,93.4,93.9,89.7,93.8,92.4,93.8,district
2023-24,4,Jubilee,89.0,86.9,84.1,85.2,87.6,86.5,jubilee
2023-24,4,Metropolitan,89.2,89.0,85.5,83.1,88.3,87.5,metropolitan
2023-24,4,Northern,96.2,96.9,95.8,95.1,96.1,96.4,northern
2023-24,4,Piccadilly,92.6,88.9,89.1,87.7,91.6,88.6,piccadilly
2023-24,4,Victoria,95.6,95.9,94.0,93.4,95.2,95.2,victoria
2023-24,4,Network,93.5,92.8,90.5,90.1,92.7,92.1,network
2023-24,5,Bakerloo,90.9,91.2,86.6,88.0,89.8,90.4,bakerloo
2023-24,5,Central,90.8,91.9,86.5,88.3,89.6,91.0,central
2023-24,5,Circle Hammersmith & City,93.7,93.3,89.1,88.4,92.5,92.0,circle hammersmith and city
2023-24,5,District,96.3,94.4,87.9,92.8,94.3,93.9,district
2023-24,5,Jubilee,87.9,87.1,83.1,84.8,86.5,86.5,jubilee
2023-24,5,Metropolitan,85.6,88.3,84.2,83.3,85.2,87.1,metropolitan
2023-24,5,Northern,97.9,97.1,96.4,95.3,97.5,96.6,northern
2023-24,5,Piccadilly,86.6,88.4,84.6,87.2,86.1,88.1,piccadilly
2023-24,5,Victoria,94.8,95.7,95.0,93.7,94.9,95.2,victoria
2023-24,5,Network,92.5,92.7,89.4,90.0,91.7,92.0,network
2023-24,6,Bakerloo,93.5,91.6,87.1,87.9,91.7,90.6,bakerloo
2023-24,6,Central,88.3,91.3,78.0,86.5,85.4,90.0,central
2023-24,6,Circle Hammersmith & City,93.5,93.3,89.1,88.5,92.6,92.1,circle hammersmith and city
2023-24,6,District,93.9,94.3,96.8,93.4,94.6,94.1,district
2023-24,6,Jubilee,84.9,86.8,81.5,84.2,83.9,86.1,jubilee
2023-24,6,Metropolitan,91.9,88.9,86.4,83.8,90.6,87.7,metropolitan
2023-24,6,Northern,97.6,97.2,91.3,94.7,95.9,96.5,northern
2023-24,6,Piccadilly,84.1,87.7,85.5,87.0,84.4,87.5,piccadilly
2023-24,6,Victoria,95.8,95.7,88.1,92.8,93.8,94.9,victoria
2023-24,6,Network,92.3,92.6,87.1,89.5,91.0,91.8,network
2023-24,7,Bakerloo,93.8,91.9,92.0,88.5,93.3,91.0,bakerloo
2023-24,7,Central,89.2,91.0,78.5,85.3,86.2,89.5,central
2023-24,7,Circle Hammersmith & City,93.9,93.4,88.1,88.4,92.4,92.1,circle hammersmith and city
2023-24,7,District,91.6,93.9,88.5,92.8,90.9,93.6,district
2023-24,7,Jubilee,88.2,87.0,82.8,84.0,86.7,86.1,jubilee
2023-24,7,Metropolitan,81.6,87.8,85.4,84.0,82.5,86.9,metropolitan
2023-24,7,Northern,95.5,96.9,94.8,94.7,95.3,96.3,northern
2023-24,7,Piccadilly,88.9,87.9,89.2,87.3,88.9,87.7,piccadilly
2023-24,7,Victoria,93.3,95.4,94.5,93.0,93.6,94.7,victoria
2023-24,7,Network,91.4,92.5,88.9,89.4,90.7,91.7,network
2023-24,8,Bakerloo,92.6,92.0,89.0,88.5,91.6,91.1,bakerloo
2023-24,8,Central,91.2,91.1,90.3,85.9,91.0,89.7,central
2023-24,8,Circle Hammersmith & City,95.6,93.7,92.9,89.0,94.9,92.5,circle hammersmith and city
2023-24,8,District,94.3,93.9,96.3,93.1,94.8,93.7,district
2023-24,8,Jubilee,85.4,86.8,78.5,83.4,83.5,85.8,jubilee
2023-24,8,Metropolitan,90.7,88.2,83.8,84.0,89.1,87.2,metropolitan
2023-24,8,Northern,95.9,96.8,94.2,94.6,95.4,96.2,northern
2023-24,8,Piccadilly,87.5,87.8,85.9,87.1,87.1,87.7,piccadilly
2023-24,8,Victoria,97.0,95.6,94.1,93.2,96.2,94.9,victoria
2023-24,8,Network,92.8,92.5,89.8,89.5,92.0,91.7,network
2023-24,9,Bakerloo,94.6,92.3,86.7,88.3,92.5,91.2,bakerloo
2023-24,9,Central,84.1,90.3,78.4,85.1,82.6,88.9,central
2023-24,9,Circle Hammersmith & City,92.7,93.6,88.8,89.0,91.6,92.4,circle hammersmith and city
2023-24,9,District,93.9,93.9,93.7,93.2,93.9,93.8,district
2023-24,9,Jubilee,91.0,87.2,87.0,83.8,89.8,86.3,jubilee
2023-24,9,Metropolitan,93.1,88.8,82.3,83.8,90.5,87.6,metropolitan
2023-24,9,Northern,95.0,96.6,90.9,94.2,93.9,95.9,northern
2023-24,9,Piccadilly,85.4,87.6,84.2,86.8,85.1,87.4,piccadilly
2023-24,9,Victoria,96.8,95.7,93.9,93.2,96.0,95.1,victoria
2023-24,9,Network,92.4,92.5,87.8,89.3,91.2,91.7,network
2023-24,10,Bakerloo,94.3,92.5,92.9,88.8,93.9,91.5,bakerloo
2023-24,10,Central,80.2,89.4,77.3,84.3,79.4,88.0,central
2023-24,10,Circle Hammersmith & City,91.9,93.4,92.1,89.3,92.0,92.3,circle hammersmith and city
2023-24,10,District,92.2,93.8,95.6,93.5,93.2,93.7,district
2023-24,10,Jubilee,91.7,87.6,89.5,84.3,91.0,86.7,jubilee
2023-24,10,Metropolitan,91.1,89.0,88.0,84.2,90.3,87.8,metropolitan
2023-24,10,Northern,96.2,96.5,93.9,94.2,95.5,95.9,northern
2023-24,10,Piccadilly,78.9,86.8,82.2,86.3,79.8,86.7,piccadilly
2023-24,10,Victoria,87.3,95.0,97.4,93.6,90.1,94.6,victoria
2023-24,10,Network,89.9,92.3,90.1,89.4,90.0,91.5,network
2023-24,11,Bakerloo,88.6,92.1,93.6,89.2,90.0,91.3,bakerloo
2023-24,11,Central,72.0,87.8,72.3,83.2,72.1,86.6,central
2023-24,11,Circle Hammersmith & City,90.8,93.2,86.8,89.1,89.7,92.1,circle hammersmith and city
2023-24,11,District,92.0,93.6,93.3,93.4,92.3,93.6,district
2023-24,11,Jubilee,92.9,88.1,88.7,84.7,91.9,87.2,jubilee
2023-24,11,Metropolitan,86.6,88.8,79.0,83.7,84.8,87.5,metropolitan
2023-24,11,Northern,96.1,96.5,94.7,94.2,95.7,95.9,northern
2023-24,11,Piccadilly,77.1,85.9,83.4,86.0,78.7,85.9,piccadilly
2023-24,11,Victoria,96.3,95.1,95.3,93.8,96.1,94.7,victoria
2023-24,11,Network,89.3,92.0,88.4,89.3,89.0,91.3,network
2023-24,12,Bakerloo,91.5,92.1,94.3,89.7,92.2,91.4,bakerloo
2023-24,12,Central,75.8,86.8,70.3,82.1,74.2,85.5,central
2023-24,12,Circle Hammersmith & City,91.3,93.0,84.7,88.7,89.5,91.9,circle hammersmith and city
2023-24,12,District,94.4,93.7,92.7,93.4,94.0,93.6,district
2023-24,12,Jubilee,90.6,88.3,87.1,84.9,89.7,87.4,jubilee
2023-24,12,Metropolitan,84.4,88.4,82.5,83.6,83.9,87.2,metropolitan
2023-24,12,Northern,96.2,96.5,94.5,94.2,95.7,95.9,northern
2023-24,12,Piccadilly,82.0,85.6,77.2,85.3,80.7,85.5,piccadilly
2023-24,12,Victoria,91.7,94.8,87.3,93.3,90.6,94.4,victoria
2023-24,12,Network,89.7,91.8,86.2,89.0,88.8,91.1,network
2023-24,13,Bakerloo,88.8,91.8,92.0,89.9,89.7,91.3,bakerloo
2023-24,13,Central,84.2,86.6,77.6,81.8,82.2,85.3,central
2023-24,13,Circle Hammersmith & City,92.2,92.9,83.9,88.3,90.1,91.7,circle hammersmith and city
2023-24,13,District,94.0,93.7,79.7,92.3,90.4,93.4,district
2023-24,13,Jubilee,91.5,88.6,86.9,85.1,90.1,87.6,jubilee
2023-24,13,Metropolitan,89.0,88.4,86.8,83.9,88.5,87.3,metropolitan
2023-24,13,Northern,94.1,96.3,93.2,94.2,93.8,95.7,northern
2023-24,13,Piccadilly,84.7,85.5,85.6,85.3,85.0,85.5,piccadilly
2023-24,13,Victoria,89.2,94.4,86.1,92.7,88.3,93.9,victoria
2023-24,13,Network,90.3,91.7,86.6,88.8,89.3,90.9,network
2024-25,1,Bakerloo,87.3,87.3,85.7,85.7,87.0,87.0,bakerloo
2024-25,1,Central,84.3,84.3,84.6,84.6,84.3,84.3,central
2024-25,1,Circle Hammersmith & City,92.8,92.8,90.4,90.4,92.2,92.2,circle hammersmith and city
2024-25,1,District,91.7,91.7,95.6,95.6,92.6,92.6,district
2024-25,1,Jubilee,92.9,92.9,86.6,86.6,91.4,91.4,jubilee
2024-25,1,Metropolitan,91.6,91.6,89.4,89.4,91.3,91.3,metropolitan
2024-25,1,Northern,85.8,85.8,88.0,88.0,86.3,86.3,northern
2024-25,1,Piccadilly,83.9,83.9,86.3,86.3,84.5,84.5,piccadilly
2024-25,1,Victoria,92.4,92.4,85.0,85.0,90.6,90.6,victoria
2024-25,1,Network,89.2,89.2,87.7,87.7,88.9,88.9,network
2024-25,2,Bakerloo,94.3,90.8,87.8,86.8,92.6,89.9,bakerloo
2024-25,2,Central,89.4,86.8,87.4,86.3,88.9,86.7,central
2024-25,2,Circle Hammersmith & City,95.0,93.9,93.2,91.9,94.5,93.3,circle hammersmith and city
2024-25,2,District,94.2,92.9,95.1,95.4,94.4,93.5,district
2024-25,2,Jubilee,92.3,92.6,81.9,84.0,89.4,90.4,jubilee
2024-25,2,Metropolitan,90.4,91.0,84.8,86.5,89.0,90.1,metropolitan
2024-25,2,Northern,84.7,85.3,91.4,89.8,86.6,86.5,northern
2024-25,2,Piccadilly,91.5,87.3,90.6,88.5,91.2,87.6,piccadilly
2024-25,2,Victoria,94.7,93.5,86.9,86.0,92.7,91.7,victoria
2024-25,2,Network,91.4,90.3,88.6,88.2,90.6,89.8,network
2024-25,3,Bakerloo,91.8,91.1,87.9,87.2,90.7,90.2,bakerloo
2024-25,3,Central,89.4,87.7,87.1,86.6,88.8,87.4,central
2024-25,3,Circle Hammersmith & City,89.9,92.5,85.3,90.0,88.8,91.9,circle hammersmith and city
2024-25,3,District,92.7,92.8,91.8,94.1,92.5,93.1,district
2024-25,3,Jubilee,92.1,92.4,86.3,84.8,90.5,90.4,jubilee
2024-25,3,Metropolitan,92.1,91.4,94.2,89.4,92.6,90.9,metropolitan
2024-25,3,Northern,91.9,87.5,94.3,91.4,92.6,88.5,northern
2024-25,3,Piccadilly,86.8,87.1,88.9,88.6,87.5,87.6,piccadilly
2024-25,3,Victoria,88.7,91.9,92.9,88.4,89.8,91.0,victoria
2024-25,3,Network,91.0,90.5,90.6,89.0,90.9,90.1,network
2024-25,4,Bakerloo,93.8,91.8,84.1,86.4,91.2,90.4,bakerloo
2024-25,4,Central,83.2,86.6,83.9,85.9,83.4,86.4,central
2024-25,4,Circle Hammersmith & City,89.5,91.8,79.9,87.2,86.8,90.6,circle hammersmith and city
2024-25,4,District,91.0,92.4,89.6,92.8,90.6,92.5,district
2024-25,4,Jubilee,91.2,92.1,87.1,85.4,90.1,90.3,jubilee
2024-25,4,Metropolitan,91.6,91.4,90.1,89.5,91.3,91.0,metropolitan
2024-25,4,Northern,94.4,89.2,95.0,92.3,94.6,90.0,northern
2024-25,4,Piccadilly,88.9,87.6,85.5,87.9,88.0,87.7,piccadilly
2024-25,4,Victoria,94.9,92.7,91.2,89.1,94.0,91.8,victoria
2024-25,4,Network,91.8,90.8,88.6,88.9,91.0,90.3,network
2024-25,5,Bakerloo,91.3,91.7,87.9,86.7,90.4,90.4,bakerloo
2024-25,5,Central,85.4,86.3,83.5,85.4,84.9,86.1,central
2024-25,5,Circle Hammersmith & City,88.5,91.1,88.4,87.5,88.5,90.2,circle hammersmith and city
2024-25,5,District,89.5,91.8,92.8,92.8,90.3,92.0,district
2024-25,5,Jubilee,89.5,91.6,81.3,84.5,87.2,89.7,jubilee
2024-25,5,Metropolitan,82.9,89.7,86.3,88.8,83.8,89.5,metropolitan
2024-25,5,Northern,95.7,90.5,95.7,93.0,95.7,91.2,northern
2024-25,5,Piccadilly,91.9,88.6,94.8,88.7,92.3,88.6,piccadilly
2024-25,5,Victoria,96.0,93.3,95.0,90.3,95.7,92.6,victoria
2024-25,5,Network,91.4,90.9,90.0,89.1,91.0,90.5,network
2024-25,6,Bakerloo,95.3,92.3,90.6,87.3,94.1,91.0,bakerloo
2024-25,6,Central,86.8,86.4,84.4,85.2,86.2,86.1,central
2024-25,6,Circle Hammersmith & City,92.7,91.4,76.4,85.7,88.4,89.9,circle hammersmith and city
2024-25,6,District,90.4,91.6,80.8,90.9,88.0,91.4,district
2024-25,6,Jubilee,89.6,91.3,91.0,85.4,90.0,89.7,jubilee
2024-25,6,Metropolitan,91.8,90.0,126.8,93.7,98.1,90.8,metropolitan
2024-25,6,Northern,96.4,91.4,94.7,93.3,95.9,91.9,northern
2024-25,6,Piccadilly,92.9,89.1,96.4,89.7,93.7,89.3,piccadilly
2024-25,6,Victoria,92.2,93.2,90.7,90.4,91.9,92.5,victoria
2024-25,6,Network,92.6,91.2,91.7,89.5,92.4,90.8,network
2024-25,8,Bakerloo,92.3,92.3,89.7,87.7,91.5,91.1,bakerloo
2024-25,8,Central,92.2,87.1,94.9,86.6,93.0,86.9,central
2024-25,8,Circle Hammersmith & City,91.6,91.4,93.1,86.7,92.1,90.1,circle hammersmith and city
2024-25,8,District,89.9,91.4,95.5,91.5,91.4,91.4,district
2024-25,8,Jubilee,92.3,91.4,85.9,85.5,90.5,89.8,jubilee
2024-25,8,Metropolitan,89.4,90.0,91.9,93.4,89.9,90.7,metropolitan
2024-25,8,Northern,92.6,91.6,94.1,93.4,93.1,92.1,northern
2024-25,8,Piccadilly,93.7,89.7,95.7,90.6,94.3,89.9,piccadilly
2024-25,8,Victoria,95.1,93.4,92.6,90.7,94.4,92.7,victoria
2024-25,8,Network,92.2,91.3,92.7,89.9,92.3,91.0,network
2024-25,9,Bakerloo,93.6,92.4,93.0,88.4,93.4,91.4,bakerloo
2024-25,9,Central,93.0,87.9,89.2,86.9,92.0,87.6,central
2024-25,9,Circle Hammersmith & City,93.8,91.7,87.4,86.8,92.0,90.4,circle hammersmith and city
2024-25,9,District,90.9,91.3,90.7,91.3,90.8,91.3,district
2024-25,9,Jubilee,88.7,91.1,83.2,85.2,87.2,89.5,jubilee
2024-25,9,Metropolitan,89.5,89.9,94.4,93.6,90.7,90.7,metropolitan
2024-25,9,Northern,95.4,92.1,86.8,92.6,93.1,92.2,northern
2024-25,9,Piccadilly,86.0,89.2,91.6,90.7,87.1,89.6,piccadilly
2024-25,9,Victoria,93.2,93.4,94.5,91.2,93.6,92.8,victoria
2024-25,9,Network,92.1,91.4,89.7,89.9,91.5,91.0,network
2024-25,10,Bakerloo,96.4,92.9,91.9,88.8,95.1,91.8,bakerloo
2024-25,10,Central,93.0,88.4,90.7,87.4,92.3,88.1,central
2024-25,10,Circle Hammersmith & City,93.8,91.9,93.6,87.6,93.7,90.8,circle hammersmith and city
2024-25,10,District,95.1,91.7,95.1,91.8,95.1,91.7,district
2024-25,10,Jubilee,91.9,91.1,90.1,85.8,91.3,89.7,jubilee
2024-25,10,Metropolitan,92.1,90.1,94.7,93.7,92.8,90.9,metropolitan
2024-25,10,Northern,94.1,92.3,92.7,92.6,93.7,92.4,northern
2024-25,10,Piccadilly,64.9,86.5,65.0,87.6,64.9,86.8,piccadilly
2024-25,10,Victoria,92.5,93.3,88.1,90.8,91.2,92.6,victoria
2024-25,10,Network,90.9,91.4,89.3,89.8,90.4,91.0,network
2024-25,11,Bakerloo,91.2,92.7,88.2,88.7,90.4,91.6,bakerloo
2024-25,11,Central,92.7,88.9,93.4,88.0,92.9,88.6,central
2024-25,11,Circle Hammersmith & City,92.8,92.0,89.0,87.8,91.8,90.9,circle hammersmith and city
2024-25,11,District,93.9,91.9,95.1,92.1,94.2,92.0,district
2024-25,11,Jubilee,89.9,91.0,82.1,85.5,88.0,89.5,jubilee
2024-25,11,Metropolitan,89.4,90.1,94.4,93.8,90.6,90.9,metropolitan
2024-25,11,Northern,96.7,92.7,95.0,92.8,96.3,92.8,northern
2024-25,11,Piccadilly,67.6,84.4,80.0,86.9,70.3,85.0,piccadilly
2024-25,11,Victoria,92.8,93.2,93.4,91.1,93.0,92.7,victoria
2024-25,11,Network,90.6,91.3,90.9,89.9,90.7,90.9,network
2024-25,12,Bakerloo,89.4,92.4,93.0,89.1,90.3,91.5,bakerloo
2024-25,12,Central,88.3,88.8,91.3,88.3,89.1,88.7,central
2024-25,12,Circle Hammersmith & City,92.6,92.1,86.3,87.6,90.8,90.9,circle hammersmith and city
2024-25,12,District,95.3,92.3,96.3,92.5,95.5,92.3,district
2024-25,12,Jubilee,93.0,91.2,86.5,85.6,91.1,89.7,jubilee
2024-25,12,Metropolitan,93.5,90.4,92.9,93.7,93.4,91.1,metropolitan
2024-25,12,Northern,95.6,93.0,91.5,92.7,94.5,92.9,northern
2024-25,12,Piccadilly,86.2,84.6,85.0,86.7,85.9,85.1,piccadilly
2024-25,12,Victoria,91.3,93.1,85.8,90.6,89.9,92.4,victoria
2024-25,12,Network,92.1,91.4,89.7,89.9,91.5,91.0,network
2024-25,13,Bakerloo,89.2,92.1,87.1,88.9,88.6,91.2,bakerloo
2024-25,13,Central,88.5,88.8,87.8,88.3,88.3,88.6,central
2024-25,13,Circle Hammersmith & City,95.0,92.3,88.8,87.7,93.2,91.1,circle hammersmith and city
2024-25,13,District,93.9,92.4,93.4,92.6,93.8,92.5,district
2024-25,13,Jubilee,90.5,91.1,85.6,85.6,89.1,89.6,jubilee
2024-25,13,Metropolitan,90.7,90.4,90.0,93.3,90.5,91.1,metropolitan
2024-25,13,Northern,93.5,93.1,93.0,92.7,93.4,93.0,northern
2024-25,13,Piccadilly,86.7,84.8,90.0,87.1,87.6,85.4,piccadilly
2024-25,13,Victoria,87.7,92.6,86.6,90.2,87.4,92.0,victoria
2024-25,13,Network,90.8,91.3,89.4,89.9,90.4,90.9,network
2025-26,1,Bakerloo,89.5,89.5,87.4,87.4,88.9,88.9,bakerloo
2025-26,1,Central,91.6,91.6,86.4,86.4,90.3,90.3,central
2025-26,1,Circle Hammersmith & City,96.2,96.2,94.1,94.1,95.7,95.7,circle hammersmith and city
2025-26,1,District,93.8,93.8,94.2,94.2,93.9,93.9,district
2025-26,1,Jubilee,88.9,88.9,88.0,88.0,88.6,88.6,jubilee
2025-26,1,Metropolitan,92.2,92.2,92.3,92.3,92.3,92.3,metropolitan
2025-26,1,Northern,94.7,94.7,95.7,95.7,95.0,95.0,northern
2025-26,1,Piccadilly,96.0,96.0,95.8,95.8,95.9,95.9,piccadilly
2025-26,1,Victoria,91.3,91.3,86.9,86.9,90.4,90.4,victoria
2025-26,1,Network,92.9,92.9,91.5,91.5,92.5,92.5,network
2025-26,2,Bakerloo,89.4,89.4,81.3,84.2,87.2,88.0,bakerloo
2025-26,2,Central,90.5,91.0,88.0,87.1,89.9,90.1,central
2025-26,2,Circle Hammersmith & City,93.2,94.7,92.7,93.3,93.1,94.3,circle hammersmith and city
2025-26,2,District,94.0,93.9,92.9,93.6,93.8,93.8,district
2025-26,2,Jubilee,92.9,91.0,85.9,86.9,91.0,89.9,jubilee
2025-26,2,Metropolitan,88.9,90.5,86.6,89.3,88.3,90.2,metropolitan
2025-26,2,Northern,94.8,94.8,94.7,95.2,94.8,94.9,northern
2025-26,2,Piccadilly,92.4,94.2,95.0,95.5,93.0,94.5,piccadilly
2025-26,2,Victoria,94.0,92.7,96.0,92.4,94.5,92.6,victoria
2025-26,2,Network,92.7,92.8,90.9,91.2,92.2,92.4,network
2025-26,3,Bakerloo,85.6,88.1,78.3,82.1,83.7,86.5,bakerloo
2025-26,3,Central,91.0,91.0,87.2,87.1,90.0,90.1,central
2025-26,3,Circle Hammersmith & City,91.8,93.7,89.0,91.9,91.0,93.2,circle hammersmith and city
2025-26,3,District,92.6,93.5,89.9,92.2,91.9,93.2,district
2025-26,3,Jubilee,90.6,90.9,84.6,86.2,89.2,89.6,jubilee
2025-26,3,Metropolitan,91.6,90.9,88.4,89.0,91.0,90.4,metropolitan
2025-26,3,Northern,93.5,94.3,91.7,94.0,93.0,94.2,northern
2025-26,3,Piccadilly,90.7,93.0,93.8,94.9,91.5,93.5,piccadilly
2025-26,3,Victoria,91.5,92.3,85.6,89.8,89.9,91.7,victoria
2025-26,3,Network,91.6,92.3,88.0,90.1,90.7,91.8,network
2025-26,4,Bakerloo,82.1,86.6,77.3,80.9,80.8,85.0,bakerloo
2025-26,4,Central,90.5,90.9,86.7,87.0,89.5,89.9,central
2025-26,4,Circle Hammersmith & City,89.6,92.7,91.7,91.8,90.2,92.4,circle hammersmith and city
2025-26,4,District,83.7,91.0,91.4,92.0,85.6,91.2,district
2025-26,4,Jubilee,90.5,90.8,86.3,86.2,89.4,89.6,jubilee
2025-26,4,Metropolitan,87.8,90.1,83.2,87.7,86.9,89.6,metropolitan
2025-26,4,Northern,91.4,93.6,89.6,92.8,90.9,93.4,northern
2025-26,4,Piccadilly,90.1,92.3,93.9,94.6,91.0,92.8,piccadilly
2025-26,4,Victoria,92.4,92.3,88.0,89.3,91.2,91.6,victoria
2025-26,4,Network,89.6,91.6,87.9,89.5,89.2,91.1,network
2025-26,5,Bakerloo,83.0,85.9,82.4,81.2,82.9,84.6,bakerloo
2025-26,5,Central,89.6,90.6,80.4,85.6,87.3,89.4,central
2025-26,5,Circle Hammersmith & City,92.2,92.6,92.6,92.0,92.3,92.4,circle hammersmith and city
2025-26,5,District,92.6,91.3,95.5,92.7,93.3,91.6,district
2025-26,5,Jubilee,92.7,91.2,84.2,85.8,90.3,89.7,jubilee
2025-26,5,Metropolitan,92.9,90.7,90.3,88.3,92.2,90.1,metropolitan
2025-26,5,Northern,89.5,92.7,91.2,92.5,89.9,92.7,northern
2025-26,5,Piccadilly,91.7,92.1,93.0,94.3,92.0,92.7,piccadilly
2025-26,5,Victoria,91.9,92.2,91.5,89.8,91.8,91.6,victoria
2025-26,5,Network,91.0,91.5,89.0,89.4,90.5,91.0,network
2025-26,6,Bakerloo,88.4,86.2,85.6,81.9,87.5,85.0,bakerloo
2025-26,6,Central,90.9,90.6,91.3,86.5,91.0,89.6,central
2025-26,6,Circle Hammersmith & City,91.4,92.4,81.0,90.2,88.2,91.8,circle hammersmith and city
2025-26,6,District,93.1,91.5,90.9,92.4,92.5,91.8,district
2025-26,6,Jubilee,84.6,90.3,82.9,85.3,84.1,88.9,jubilee
2025-26,6,Metropolitan,93.4,91.0,92.6,89.0,93.2,90.6,metropolitan
2025-26,6,Northern,92.0,92.6,89.6,92.0,91.2,92.5,northern
2025-26,6,Piccadilly,88.4,91.6,90.6,93.7,89.0,92.1,piccadilly
2025-26,6,Victoria,88.4,91.7,89.0,89.6,88.6,91.2,victoria
2025-26,6,Network,90.3,91.3,88.4,89.2,89.7,90.8,network
2025-26,7,Bakerloo,87.5,86.4,84.9,82.3,86.8,85.3,bakerloo
2025-26,7,Central,86.4,90.0,86.2,86.4,86.4,89.1,central
2025-26,7,Circle Hammersmith & City,93.0,92.5,89.8,90.1,92.1,91.8,circle hammersmith and city
2025-26,7,District,91.2,91.5,93.9,92.6,91.7,91.8,district
2025-26,7,Jubilee,92.3,90.6,85.6,85.4,90.4,89.1,jubilee
2025-26,7,Metropolitan,94.7,91.6,87.6,88.8,92.9,90.9,metropolitan
2025-26,7,Northern,93.5,92.8,92.2,92.1,93.1,92.6,northern
2025-26,7,Piccadilly,93.0,91.8,87.6,93.1,92.0,92.1,piccadilly
2025-26,7,Victoria,89.5,91.4,92.7,90.1,90.3,91.0,victoria
2025-26,7,Network,91.6,91.4,89.3,89.2,91.0,90.8,network
2025-26,8,Bakerloo,88.8,86.7,90.3,83.3,89.2,85.8,bakerloo
2025-26,8,Central,86.9,89.6,90.2,86.9,87.8,88.9,central
2025-26,8,Circle Hammersmith & City,94.7,92.8,93.6,90.6,94.4,92.2,circle hammersmith and city
2025-26,8,District,95.6,92.0,96.0,93.0,95.7,92.3,district
2025-26,8,Jubilee,93.7,91.0,91.9,86.2,93.2,89.7,jubilee
2025-26,8,Metropolitan,76.2,89.6,76.1,87.0,76.2,89.0,metropolitan
2025-26,8,Northern,87.2,92.0,91.1,91.9,88.2,92.0,northern
2025-26,8,Piccadilly,86.7,91.2,93.5,93.1,88.3,91.6,piccadilly
2025-26,8,Victoria,93.8,91.7,89.5,90.0,92.7,91.2,victoria
2025-26,8,Network,89.5,91.1,90.3,89.4,89.7,90.7,network
2025-26,9,Bakerloo,89.4,87.0,88.8,83.9,89.2,86.2,bakerloo
2025-26,9,Central,90.3,89.7,89.8,87.3,90.2,89.1,central
2025-26,9,Circle Hammersmith & City,93.9,92.9,93.3,90.9,93.8,92.3,circle hammersmith and city
2025-26,9,District,91.1,91.9,92.6,92.9,91.5,92.2,district
2025-26,9,Jubilee,93.4,91.3,90.9,86.8,92.7,90.0,jubilee
2025-26,9,Metropolitan,90.9,89.7,85.5,86.9,89.6,89.0,metropolitan
2025-26,9,Northern,94.5,92.3,91.8,91.9,93.8,92.2,northern
2025-26,9,Piccadilly,82.2,90.2,82.4,91.8,82.3,90.5,piccadilly
2025-26,9,Victoria,94.3,92.0,92.4,90.3,93.8,91.5,victoria
2025-26,9,Network,91.8,91.2,90.0,89.4,91.3,90.8,network
2025-26,10,Bakerloo,86.5,87.0,93.8,84.9,88.6,86.4,bakerloo
2025-26,10,Central,91.8,89.9,93.6,88.0,92.3,89.4,central
2025-26,10,Circle Hammersmith & City,96.4,93.2,95.7,91.4,96.2,92.7,circle hammersmith and city
2025-26,10,District,95.1,92.2,96.6,93.4,95.6,92.5,district
2025-26,10,Jubilee,94.4,91.6,90.5,87.1,93.2,90.3,jubilee
2025-26,10,Metropolitan,92.3,89.9,93.1,87.5,92.5,89.4,metropolitan
2025-26,10,Northern,95.9,92.7,91.3,91.9,94.5,92.4,northern
2025-26,10,Piccadilly,88.3,90.0,92.9,91.9,89.6,90.5,piccadilly
2025-26,10,Victoria,95.2,92.3,87.3,90.0,92.9,91.7,victoria
2025-26,10,Network,93.4,91.4,92.2,89.7,93.1,91.0,network
2025-26,11,Bakerloo,87.1,87.0,76.9,84.2,84.2,86.2,bakerloo
2025-26,11,Central,88.0,89.7,92.7,88.4,89.2,89.4,central
2025-26,11,Circle Hammersmith & City,97.0,93.6,93.6,91.5,96.2,93.0,circle hammersmith and city
2025-26,11,District,92.2,92.2,96.8,93.7,93.4,92.6,district
2025-26,11,Jubilee,92.1,91.6,92.4,87.6,92.1,90.5,jubilee
2025-26,11,Metropolitan,91.6,90.1,92.0,87.9,91.7,89.6,metropolitan
2025-26,11,Northern,95.6,92.9,94.9,92.2,95.4,92.7,northern
2025-26,11,Piccadilly,88.9,89.9,90.8,91.8,89.3,90.4,piccadilly
2025-26,11,Victoria,92.9,92.3,92.5,90.2,92.8,91.8,victoria
2025-26,11,Network,92.2,91.5,92.1,90.0,92.2,91.1,network
2025-26,12,Bakerloo,86.2,86.9,88.9,85.3,86.7,86.5,bakerloo
2025-26,12,Central,89.3,89.7,91.9,88.7,90.0,89.4,central
2025-26,12,Circle Hammersmith & City,96.8,93.9,90.2,91.4,94.9,93.2,circle hammersmith and city
2025-26,12,District,93.1,92.3,95.8,93.9,93.7,92.7,district
2025-26,12,Jubilee,92.6,91.7,86.2,87.4,90.8,90.5,jubilee
2025-26,12,Metropolitan,89.6,90.1,85.3,87.7,88.5,89.5,metropolitan
2025-26,12,Northern,96.5,93.2,90.3,92.0,94.9,92.9,northern
2025-26,12,Piccadilly,79.1,89.2,83.2,91.0,80.4,89.7,piccadilly
2025-26,12,Victoria,92.6,92.4,91.7,90.4,92.4,91.8,victoria
2025-26,12,Network,91.7,91.5,89.3,90.0,91.1,91.1,network
